iran,actually,regime,change,forum,think,state,department,seed,,,,,,,,,,,,,,,,,,,,,,,,,,,,,,,,,,,,,,,,,,,,,,,,,,,,,,,,,,,,,,,,,
askaconservative,design,echo,chamber,fine,mutes,someone,email,professionally,politely,thin,skin,encounter,,,,,,,,,,,,,,,,,,,,,,,,,,,,,,,,,,,,,,,,,,,,,,,,,,,,,,,,,,,,,
start,try,play,rainbow,xbox,play,random,people,find,group,post,everything,go,fine,game,random,teammate,boot,enemy,team,member,really,make,upset,,,,,,,,,,,,,,,,,,,,,,,,,,,,,,,,,,,,,,,,,,,,,,,,,,
away,dinner,calms,continue,movie,really,piss,surprised,hand,almost,never,hit,ever,,,,,,,,,,,,start,say,roll,,,,,,,,,,,,,,,,,,,,,,,,,,,,,,,,,,,,,,,,,,,,,,,
go,grab,block,grab,hand,like,wrestle,hand,rarely,nothing,deliver,therefore,,game,people,always,make,jokes,alabama,people,inbreed,become,people,somehow,audio,interface,speaker,lease,okay,landlord,,,need,learn,love,admit,past,frequently,deal,customer,like,suggest,pattern,product,quality,issue,,,,,,,,,,behavior,,,,,,,,,,,,,,,,,,
piss,get,reason,totally,unexpected,reason,nothing,also,equality,tide,like,chant,cheer,physicaly,initial,license,reason,maybe,upgrade,definitely,reason,grab,mpk261,omnisphere,hipster,,,,,,,right,advertise,warranty,product,,,,,,,,,,,,,,,,,,,,,,,,,,,,,,,,,,,,,,,
type,feminist,good,kind,kind,good,kind,want,mail,everything,make,music,digitally,,,,,,,,,,basic,bitch,,work,part,push,policy,narrative,obviously,breach,,,,,,,,,,,,,,,,,,,,,like,package,stomp,,,,,,,,,,,,,,,,,,,
thirdly,sister,come,visit,minute,say,delivery,time,roll,result,death,,,garbage,cent,change,polite,always,reason,2020,come,skanks,,,,,,refusal,properly,address,defect,,,,,,,,,,,,,,,,,,,,someone,shit,,,,,,,,,,,,,,,,ball,cause,nation,much,undue,stress,be
even,check,hour,say,delivery,time,package,around,almost,people,,treat,like,debunk,move,everyone,else,move,people,along,,,,,class,work,vote,,,,,,,,,,,,,,,,even,computer,want,chance,play,,,different,,,,,,,,,,,,,,,,,drop,,,,,,,
know,talk,university,alabama,nickname,crimson,tide,phrase,anger,particular,customer,plan,2016,tatts,piercing,rock,metal,shit,need,,,,,,,make,return,,,,,,,,,,,,,,,happy,believe,usps,necessary,vital,shit,package,fuck,,,,,,,,,,,,,disinfectant,mean,combat,virus,repeatedly,,,,,,,,
shop,fuego,attic,salt,enable,make,music,purchase,meet,may,sign,call,beards,comment,post,instead,create,post,,,,,fair,realistically,disabled,spend,,,,,,,,,,nowhere,stuff,know,first,world,problem,inside,,,,,,,,,,,,,,,,,,bleach,and/or,,,,,,,,,,,,,
express,hurt,life,suppose,fact,offer,coverage,destructive,love,front,everyone,happen,allow,,,,,,,,worker,would,computer,overheat,also,,,,,,,,,,,,,,,well,deep,,,,,,,,,,,,,,,,president,suggest,shoot,,,,,,,,,,,,,,,
sure,121934,center,sustained,much,hopelessness,really,struggle,early,remember,thing,biker,,,,,,,,clap,reliable,turn,,,would,,,,,,,,,,messy,good,hope,work,go,,,,want,slide,give,username,,,,,,,,,,life,,,,,,,,,,,,,,,,,,
speak,cameras,guilt,negative,karma,sick,wait,driver,gathering,raise,around,exist,,,,,,,worker,good,house,,caregiver,anymore,,,,,,,,,room,desk,,government,,,,,,joke,,,,,,,,,,,,,,,,,,,,,,,,,,,,,,,,
watch,time,complain,get,tonight,work,delivery,april,thing,post,already,,go,truck,govern,persist,worker,shop,flawless,year,,want,blinded,satan,,,,arrival,mean,somebody,else,chair,,,great,,,,,instagram,make,,,,,,,,,,,,time,like,every,,,,,,,,,,,,,,,,,,,
never,guitar,interested,head,mistake,make,back,family,enthusiast,,,,,driver,farmer,warehouse,show,winner,last,,thing,believe,freight,cost,,,,wash,dish,soon,do,,shit,package,,,talk,message,ask,,,,,,,,,,,,,another,,,,,,,,,,,,,,,,,,,,,,
like,kevin,email,happen,annoying,shit,make,pizzagate,similar,,,society,know,mechanical,overhauling,mean,library,like,,,people,cost,,,,,especially,someone,troll,,,,,,separate,back,,,,,,,,,,,,,,,help,study,,,,,,,,,,,,,,,,,,,,,,
furthermore,vent,steamed,plan,apathy,factchecking,contribute,punk,,quite,obvious,country,delivery,,,like,stewart,like,,damn,original,,,,,thing,cook,,,point,single,office,people,australia,,,,,,,,,,,,,,,,important,could,,,,,,,,,,,,,,,,,,,,,,,
late,thing,industry,cousin,rabbit,hole,whole,close,much,also,different,state,paint,covid,time,know,know,break,every,church,,drama,,,,food,easy,halfway,decent,,,,,,,,,,,,,,,,,,,,super,exam,,,,,,,,,,,,,,,,,,,,,,,,
difference,recently,improvement,realize,metal,head,pass,notifie,america,confront,fact,,attention,stewart,already,rule,save,,TRUE,bore,love,,,,optional,something,response,,,,,indigenous,,,,,,,,,,,,mind,pay,taxis,really,think,fail,,,,,,,,,,,,,,,,,,,,,,,,,
follow,pretty,short,zuckerberg,want,room,badly,comment,live,parcel,,behavior,long,post,read,enough,anymore,call,fact,,,,,,process,tone,,,,,,,,,message,,,,,,,,crisis,,,,,already,,,,,,,,,,,,,,,,,,,,,,,,,,
even,mind,even,go,title,headline,similar,suppress,mexico,asshole,drive,binman,rental,crazy,sale,child,make,think,,maybe,,,,,want,,least,,,work,post,,start,conversation,,,,,,person,ever,level,,super,power,baffle,mindset,,,,,,,,,,,,,,,,,,,,,,,,,,,
still,essential,mark,grow,say,comment,uncivil,least,insure,include,carer,fresh,name,tired,shit,brainwash,ship,despite,piss,,,,think,,slowly,would,,,,,,,,,,,evil,ungrateful,hateful,,,,consider,,seem,school,,,,,,,,,,,,,,,,,,,,,,,,,,,,
usually,suppose,currently,really,think,freedom,speech,foreigner,miserable,year,bodywork,want,meme,active,church,spend,,,,,,,like,hobby,,,,guilt,trip,special,treatment,first,,,,pandemic,,,,every,single,america,,study,,,,,,,,,,,,,,,,,,,,,,,,,,,,,,
would,performance,culture,exact,face,human,race,message,clap,check,nvidia,fine,screw,claim,already,,watch,stuff,,,,cuntwaffles,need,cook,play,,destine,,,,,,almost,,,,federal,government,fail,,,,hard,,,,,,,,,,,,,,,,,,,,,,,,,,,,,,,
work,story,fuck,like,feel,neighborhood,matter,money,last,show,junk,everyone,take,,,keep,back,,,,retarded,work,anymore,exhausted,,depend,,lumped,category,,,,,,,care,,,,make,problem,make,,,,,,,,,,,,,,,,,,,,,,,,,,,,,,,,
march,situation,something,recently,rest,cost,return,road,curious,thing,go,stop,still,book,outside,ass,,,,,treat,plate,dumb,talk,,,fuckin,,,,,,,,,,rebel,number,thing,,,,,,,,,,,,,,,,,,,,,,,,,,,,,,,,,,,
june,like,comment,gear,grandma,give,back,clap,think,think,well,love,freight,go,give,,,,,fuck,need,spouse,,,away,failure,,,,call,message,post,,,party,leave,,,,home,also,,,,,,,,,,,,,,,,,,,,,,,,,,,,,,,,,
long,friend,reddit,humanity,initial,share,interstate,restore,family,play,music,little,upsetting,,,,fuck,,whatever,accordingly,infertility,force,like,able,,,service,,,maybe,another,,,pool,,,seem,real,back,,,,,,,,,,,,,,,,,,,,,,,,,,,,,,,,,,,
consider,thing,riot,decide,least,fill,pocket,game,say,course,go,whole,pick,would,,fit,encourage,,shit,plate,yell,,,,point,customer,want,end,matching,,,,,,incompetence,work,lose,,,,,,,,,,,,,,,,,,,,,,,,,,,,,,,,,,,,,
feel,moth,stupidity,sweater,tired,fault,part,reason,store,fine,albeit,stupid,hell,,ever,welcome,waste,food,paper,face,,feel,well,,,sister,,conversation,right,,,,surprise,problem,,absolutely,,,,,,,,,,,,,,,,,,,,,,,,,,,,,,,,,,,,,,
recently,post,month,decide,strength,drop,across,argument,,anxious,want,could,,nothing,advice,reason,license,plan,away,ridiculous,shoot,,friend,hour,label,,,,,,,,,,retarded,,,,,,,,,,,,,,,,,,,,,,,,,,,,,,,,,,,,,,,
steal,delete,send,amount,never,penis,dumb,dislike,open,person,whole,make,problem,response,sure,even,dish,wash,think,voice,,feel,absolutely,pointless,like,,,,,see,meme,,,mentally,,,,,,,,,,,,,,,,,,,,,,,,,,,,,,,,,,,,,,,,
like,involve,service,asshole,significant,year,pretty,annoyed,parent,little,minion,frequently,,make,decent,anymore,friend,walk,whiny,,make,either,exactly,wait,,,date,,,,,baby,little,,motivated,,,,,,,,,,,,,,,,,,,,,,,,,,,,,,,,,,,,,,,
function,black,discuss,bloody,picture,admit,actively,,twitter,meme,begin,long,hips,reaction,hand,good,like,choice,,least,deliver,post,,,,oppose,something,meme,steal,,,,,feel,family,,,,,,,,,,,,,,,,,,,,,,,,,,,,,,,,,,,,,,,
politic,reveal,double,strength,family,still,head,windows,every,take,eons,circle,home,general,late,obviously,fake,mocky,would,,thanks,know,another,number,,wonder,,,,,,,country,bad,surprise,,,,,,,,,,,,,,,,,,,,,,,,,,,,,,,,,,,,,,,
comment,move,fire,driver,finally,,,care,want,would,matter,cost,information,never,fair,make,,,,maybe,mail,,origin,verify,would,,,,,,,roll,,disc,,,,,,,,,,,,,,,,,,,,,,,,,,,,,,,,,,,,,,,,
stand,idea,fuckhead,notice,music,free,correct,mess,time,people,social,painful,,well,twice,,good,game,second,actually,,support,order,,start,,,,,beyond,,,shit,,,,,,,,,,,,,,,,,,,,,,,,,,,,,,,,,,,,,,,,,
facebook,parcel,see,post,,fan,go,fact,order,dishonestly,misrepresent,channel,allergic,move,deal,would,apparently,,decide,view,tech,aunties,genuinely,well,,,another,,,,take,half,much,,,,,,,,,,,,,,,,,,,,,,,,,,,,,,,,,,,,,,,,,
neighbor,time,daily,move,feel,detail,nobody,movie,ask,social,medium,denim,dollar,need,video,everyone,fuck,rant,full,sign,local,item,,,,within,,give,answer,ready,,,ultimate,,,,,,,,,,,,,,,,,,,,,,,,,,,,,,,,,,,,,,,,,
original,want,afterwards,tension,nine,think,really,first,many,difficult,change,,piss,different,,well,someone,finally,personally,,receive,would,,,,,,,,,,absolute,,,,,,,,,,,,,,,,,,,,,,,,,,,,,,,,,,,,,,,,,,
research,know,disgust,obnoxious,family,rest,peace,shut,example,many,season,version,around,,like,forth,pretend,left,,thing,want,,match,click,minute,,,need,baby,,manage,family,,,,,,,,,,,,,,,,,,,,,,,,,,,,,,,,,,,,,,,,,,
long,massive,backstory,post,know,see,minion,full,follow,,,trouble,time,easily,feel,well,thank,goodness,really,point,thing,,sound,desperate,,,,stay,,canada,,game,,,,,,,,,,,,,,,,,,,,,,,,,,,,,,,,,,,,,,,,,,
parcelabc,wonderful,alleviate,language,even,cool,post,close,lord,decide,unpaid,small,think,imagine,willing,product,,,could,return,,relationship,,,,,could,,,,like,,,,,,,,,,,,,,,,,,,,,,,,,,,,,,,,,,,,,,,,,,,
anybody,vauxhall,blast,inside,address,presence,always,fraud,stupid,user,much,want,onto,anyone,back,,,,make,rage,,want,,,,ban,,,alive,seriously,,,,,,,,,,,,,,,,,,,,,,,,,,,,,,,,,,,,,,,,,,,,
trucker,update,time,well,hope,anymore,livechat,find,,waist,much,line,,scan,feel,comment,actual,employee,roid,like,pursue,,get,really,,,vacuum,even,,,class,,,,,,,,,,,,,,,,,,,,,,,,,,,,,,,,,,,,,,,,,,,
wrong,really,first,write,time,damsel,distress,good,however,want,leave,,around,make,show,service,name,blood,feel,,message,,stupid,post,figure,move,close,,like,online,relationship,,,,,,,,,,,,,,,,,,,,,,,,,,,,,,,,,,,,,,,,,,,
classic,little,degree,miss,would,cult,pretty,fuck,random,product,product,die,would,ever,,brother,bill,wear,,,,bully,meme,,,people,,reads,,break,,,,,,,,,,,,,,,,,,,,,,,,,,,,,,,,,,,,,,,,,,,,
day,could,person,return,alone,pattern,past,,size,,,line,nothing,live,transphobic,embroider,item,case,,guy,,time,,,,,,,switch,,second,,,,,,,,,,,,,,,,,,,,,,,,,,,,,,,,,,,,,,,,,,,
think,store,like,honestly,line,creator,note,else,already,nearly,fuck,time,straight,rowling,,depend,give,bad,meet,try,show,see,,,ask,,people,go,already,game,,,,,,,,,,,,,,,,,,,,,,,,,,,,,,,,,,,,,,,,,,,,
okay,first,twitter,kevin,helpless,medium,reddit,service,information,glove,stand,anything,package,,customer,shit,much,sometimes,busy,tell,even,,,,check,check,hungry,make,,,,,,,,,,,,,,,,,,,,,,,,,,,,,,,,,,,,,,,,,,,,,,
ask,english,mail,think,quite,great,body,know,,ass,work,job,mail,razer,friend,hate,hostility,defensiveness,girl,perfectly,post,,,,anything,fishes,anyone,,figure,,,,,,,,,,,,,,,,,,,,,,,,,,,,,,,,,,,,,,,,,,,,,
grocery,average,great,left,deceit,,,first,menu,seem,like,however,pool,good,balenciaga,proof,push,3:40,attach,,,,,try,,care,,brain,,,,,,,,,,,,,,,,,,,,,,,,,,,,,,,,,,,,,,,,,,,,,,
second,consider,name,service,favorite,adventure,anything,provide,mask,parent,change,stumble,potter,ball,charge,make,plan,try,,part,,save,,,,,system,,,,,,,,,,,,,,,,,,,,,,,,,,,,,,,,,,,,,,,,,,,,,,,
third,cunt,meme,play,social,perplex,streaming,cheese,organise,room,mother,know,,picture,illness,really,let,know,binary,comment,,,moderator,,,good,lockdown,,,,,,,,,,,,,,,,,,,,,,,,,,,,,,,,,,,,,,,,,,,,,,,
house,instagram,refuse,religion,anybody,shopping,even,list,make,page,without,,realize,refund,much,message,list,thing,get,counter,want,,,room,send,stay,back,,,,,,,,,,,,,,,,,,,,,,,,,,,,,,,,,,,,,,,,,,,,,,,
would,normal,customer,suggest,,always,sensitive,wear,include,rubbish,single,move,even,chronic,disagree,impossible,google,account,post,repeat,,,,muted,bread,go,,,,,,,,,,,,,,,,,,,,,,,,,,,,,,,,,,,,,,,,,,,,,,,,
fuck,death,hate,write,bizarre,recommendation,effort,know,share,,,make,black,world,okay,easy,,,behind,,,message,side,hardly,rant,,take,,,,,,,,,,,,,,,,,,,,,,,,,,,,,,,,,,,,,,,,,,,,,,,
delete,shelter,demand,damn,angry,wine,cheese,bothering,follow,game,mouse,literally,ask,mouth,people,,nest,remember,steal,,,,mods,weird,,roll,,,,,,,,,,,,,,,,,,,,,,,,,,,,,,,,,,,,,,,,,,,,,,,,
lose,download,merchant,good-,fuck,restaurant,allergens,member,whatever,deserve,money,month,usually,translate,even,wife,binary,bully,,,,,know,relationship,like,,,,,,,,,,,,,,,,,,,,,,,,,,,,,,,,,,,,,,,,,,,,,,,,,
mean,daughter,people,like,part,social,distance,feel,,cake,since,handle,often,talk,ever,genuinely,agree,reason,,really,bunch,vacuum,material,together,surface,,,,,,,,,,,,,,,,,,,,,,,,,,,,,,,,,,,,,,,,,,,,,,,,,
go,call,turn,jojo,promotional,miss,people,scroll,support,state,damned,handle,hate,anything,whatever,mean,reddit,refill,,,,contact,happy,,gut,,,,,,,,,,,,,,,,,,,,,,,,,,,,,,,,,,,,,,,,,,,,,,,,,
äñgê4èd,always,look,long,fine,talk,say,relationship,like,probably,direct,excited,word,musckles,,department,instead,meme,excited,,,woken,happy,manage,go,,,,,,,,,,,,,,,,,,,,,,,,,,,,,,,,,,,,,,,,,,,,,,,,,
year,high,attack,shut,behind,lose,family,marriage,crap,directly,personally,harry,apparently,issue,deal,join,time,,,,room,good,,,,,,,,,,,,,,,,,,,,,,,,,,,,,,,,,,,,,,,,,,,,,,,,,,,,
accept,communication,find,perhaps,try,sister,important,computer,across,girl,would,,would,,voting,give,,,,,name,goddess,office,loaf,spiral,,,,,,,,,,,,,,,,,,,,,,,,,,,,,,,,,,,,,,,,,,,,,,,,,
thing,like,minute,internal,make,honestly,like,feel,anyway,apologise,fan,claim,say,kind,opinion,post,,,,reddit,room,healthy,,want,,,,,,,,,,,,,,,,,,,,,,,,,,,,,,,,,,,,,,,,,,,,,,,,,,
grow,world,awesome,worth,comment,already,married,cherry,person,,,hell,thing,make,head,,,dollar,,,feel,generally,jesus,virus,,,,,,,,,,,,,,,,,,,,,,,,,,,,,,,,,,,,,,,,,,,,,,,,,,
moreover,politic,issue,food,illness,subreddit,save,forth,know,need,file,inside,use,hear,people,,well,,reason,,stand,live,literally,feel,,,,,,,,,,,,,,,,,,,,,,,,,,,,,,,,,,,,,,,,,,,,,,,,,,
follow,jeans,show,else,room,basically,able,well,essentially,search,otherwise,next,special,even,crowd,,,,,side,friend,post,world,empty,,,,,,,,,,,,,,,,,,,,,,,,,,,,,,,,,,,,,,,,,,,,,,,,,,
everything,come,order,train,annoying,minimum,want,like,,say,postal,restock,apartment,ridiculous,outside,adblock,,,,insert,team,,class,hate,,,,,,,,,,,,,,,,,,,,,,,,,,,,,,,,,,,,,,,,,,,,,,,,,,
tired,could,left,snide,make,least,sort,month,misdelivery,small,reply,time,emotion,long,,total,,,vacuum,flat,call,anyway,somewhere,month,,,,,,,,,,,,,,,,,,,,,,,,,,,,,,,,,,,,,,,,,,,,,,,,,,
seriously,hour,know,chronic,damned,good,back,project,google,item,shipping,lie,,page,,,,honestly,ban,make,whatever,exhausting,absolutely,,,,,,,,,,,,,,,,,,,,,,,,,,,,,,,,,,,,,,,,,,,,,,,,,,,
like,thighs,miss,share,hell,forth,know,,anyone,return,really,put,ask,,,,ban,,people,night,wait,like,,game,,,,,,,,,,,,,,,,,,,,,,,,,,,,,,,,,,,,,,,,,,,,,,,,,,
since,personal,complain,incredibly,want,people,mail,information,package,well,use,load,intention,everywhere,use,,,,rich,want,,well,time,,,,,,,,,,,,,,,,,,,,,,,,,,,,,,,,,,,,,,,,,,,,,,,,,,,
point,sometimes,diagnose,partner,work,treat,water,team,wrong,tell,call,think,rule,,crossing,,,,rather,great,hell,name,part,,,,,,,,,,,,,,,,,,,,,,,,,,,,,,,,,,,,,,,,,,,,,,,,,,,
thick,neanderthal,home,complain,care,afraid,trevor,quick,ask,defensive,lessen,call,anyway,feature,,bullshit,,,really,thank,often,parent,,,,,,,,,,,,,,,,,,,,,,,,,,,,,,,,,,,,,,,,,,,,,,,,,,,,
deal,life,spat,annoying,back,article,,fuck,time,make,bored,literally,visit,animal,,,,,life,assy,break,,current,,,,,,,,,,,,,,,,,,,,,,,,,,,,,,,,,,,,,,,,,,,,,,,,,,,
tinder,complaint,safe,game,group,,razer,mail,anymore,people,video,think,,damn,,,,move,spoon,go,,first,,,,,,,,,,,,,,,,,,,,,,,,,,,,,,,,,,,,,,,,,,,,,,,,,,,,
rich,home,hear,pride,cool,contact,tell,completely,hostile,since,hips,never,post,,,,deal,permanently,response,,academically,decide,,,,,,,,,,,,,,,,,,,,,,,,,,,,,,,,,,,,,,,,,,,,,,,,,,,,
entire,underhanded,complaint,probably,swim,employee,mind,amazon,offer,thing,possible,make,,consent,,,pick,plenty,point,heven,workout,good,,,,,,,,,,,,,,,,,,,,,,,,,,,,,,,,,,,,,,,,,,,,,,,,,,,,
little,year,play,go,write,cross,occupy,take,talk,anatomically,email,live,interface,,kinda,,arrive,attractive,bill,see,mug,,,,,,,,,,,,,,,,,,,,,,,,,,,,,,,,,,,,,,,,,,,,,,,,,,,,,
late,live,always,large,,vacate,mate,good,anymore,platform,.....,opinion,plus,,,would,live,material,,take,siblings,game,,,,,,,,,,,,,,,,,,,,,,,,,,,,,,,,,,,,,,,,,,,,,,,,,,,,
tired,daily,explain,anyway,wrong,mate,check,accuse,natural,verify,always,,even,,,trash,sense,haul,believe,,,,,,,,,,,,,,,,,,,,,,,,,,,,,,,,,,,,,,,,,,,,,,,,,,,,,,,
last,say,mail,learn,razer,deliver,receive,make,even,covid,spectrum,well,,offensive,,notification,girlfriend,love,brit,together,visit,,,,,,,,,,,,,,,,,,,,,,,,,,,,,,,,,,,,,,,,,,,,,,,,,,,,,
still,tired,guilt,daniel,definitely,tell,return,start,play,thing,,appreciation,without,,,noisy,long,wrap,may,next,know,,,,,,,,,,,,,,,,,,,,,,,,,,,,,,,,,,,,,,,,,,,,,,,,,,,,,
go,funny,well,misdelivery,list,make,thing,interested,anonymous,appetite,disagree,company,,theatre,,unnatural,every,normal,,coffee,story,,,,,,,,,,,,,,,,,,,,,,,,,,,,,,,,,,,,,,,,,,,,,,,,,,,,,
government,able,pool,go,indigenous,fuck,tell,literally,apparently,represent,note,month,,,think,worship,cookie,take,depression,stick,dust,style,,,,,,,,,,,,,,,,,,,,,,,,,,,,,,,,,,,,,,,,,,,,,,,,,,,,
sure,pizza,miss,claim,package,nowadays,argument,sure,trump,,much,risk,,,night,least,answer,mail,,,,,,,,,,,,,,,,,,,,,,,,,,,,,,,,,,,,,,,,,,,,,,,,,,,,,,,,
kind,lemme,handle,play,email,invalid,want,thing,whole,opinion,less,meme,comment,,scrolling,laugh,say,,life,today,select,,,,,,,,,,,,,,,,,,,,,,,,,,,,,,,,,,,,,,,,,,,,,,,,,,,,,
want,tracking,something,investor,refund,poster,tinder,besides,loss,supervisor,high,,,release,time,little,tell,please,fine,okay,,,,,,,,,,,,,,,,,,,,,,,,,,,,,,,,,,,,,,,,,,,,,,,,,,,,,,
know,like,close,mate,bad,download,maybe,account,hard,do,scroll,instead,dream,trash,charming,bar,,thing,fuck,hear,,,,,,,,,,,,,,,,,,,,,,,,,,,,,,,,,,,,,,,,,,,,,,,,,,,,,,
okay,know,people,say,time,video,dip,katrina,,account,,,,belief,leave,pick,choose,game,house,collect,,,,,,,,,,,,,,,,,,,,,,,,,,,,,,,,,,,,,,,,,,,,,,,,,,,,,,
watch,family,quick,original,other,like,pretty,furniture,defend,seem,story,adblock,,good,rarely,paper,virus,thing,,,,,,,,,,,,,,,,,,,,,,,,,,,,,,,,,,,,,,,,,,,,,,,,,,,,,,,,
basically,enough,liberal,full,make,okay,thing,since,current,never,,lite,,screams,someone,f@%k,goddamn,,call,besides,unique,,,,,,,,,,,,,,,,,,,,,,,,,,,,,,,,,,,,,,,,,,,,,,,,,,,,,
people,terribly,black,prednisone,decide,fill,else,since,disappointed,situation,use,work,someone,well,problem,pandemic,cooking,year,post,,,,,,,,,,,,,,,,,,,,,,,,,,,,,,,,,,,,,,,,,,,,,,,,,,,,,,,
buy,confirmation,site,time,end,correct,week,,take,make,minecraft,staff,trash,compatible,granola,herbivore,,guess,someone,,,,,,,,,,,,,,,,,,,,,,,,,,,,,,,,,,,,,,,,,,,,,,,,,,,,,,,
lucky,say,service,correct,feel,collaboration,year,abusive,machine,,people,do,clash,want,never,corona,redo,,though,,,,,,,,,,,,,,,,,,,,,,,,,,,,,,,,,,,,,,,,,,,,,,,,,,,,,,,
boils,game,get,night,since,know,iraq,resume,almost,interface,lorena,,night,fine,ring,work,well,get,,,,,,,,,,,,,,,,,,,,,,,,,,,,,,,,,,,,,,,,,,,,,,,,,,,,,,,,
solid,house,drug,start,workout,last,mover,really,handle,bundle,todo,,everything,bag,even,alone,,say,anymore,somewhat,,,,,,,,,,,,,,,,,,,,,,,,,,,,,,,,,,,,,,,,,,,,,,,,,,,,,,
fedex,intolerant,ashamed,week,guide,comment,med,immediately,widow,teacher,,,night,trouble,forget,,finally,wraps,,,,,,,,,,,,,,,,,,,,,,,,,,,,,,,,,,,,,,,,,,,,,,,,,,,,,,,,
mind,mate,problem,start,video,11-Sep,downvote,refill,,generate,,say,actually,phone,money,find,minute,time,,,,,,,,,,,,,,,,,,,,,,,,,,,,,,,,,,,,,,,,,,,,,,,,,,,,,,,,
apparently,tracking,last,excuse,love(as,money,,contribute,basic,anybody,,,good,test,omnivore,happy,plastic,right,,,,,,,,,,,,,,,,,,,,,,,,,,,,,,,,,,,,,,,,,,,,,,,,,,,,,,,,
basic,customer,quarantine,try,hardship,pain,verbally,badly,find,,like,meshuggah,morning,amazing,souq,,want,well,,,,,,,,,,,,,,,,,,,,,,,,,,,,,,,,,,,,,,,,,,,,,,,,,,,,,,,,
anything,understand,month,instead,grandmother,remove,send,defamation,adult,,,,paper,make,whole,like,possible,would,develop,,,,,,,,,,,,,,,,,,,,,,,,,,,,,,,,,,,,,,,,,,,,,,,,,,,,,,,
mate,bitch,thing,record,make,,instead,,stress,,like,,,refuse,switch,pedal,ready,want,,,,,,,,,,,,,,,,,,,,,,,,,,,,,,,,,,,,,,,,,,,,,,,,,,,,,,,,
finally,powerless,fuxking,night,kid,behavior,post,back,authorize,write,,,may,mean,neither,paper,insecure,even,,,,,,,,,,,,,,,,,,,,,,,,,,,,,,,,,,,,,,,,,,,,,,,,,,,,,,,,
contact,people,beside,voice,bunch,interest,serve,right,,joke,,,year,case,,sanitizer,delete,,,,,,,,,,,,,,,,,,,,,,,,,,,,,,,,,,,,,,,,,,,,,,,,,,,,,,,,,
would,time,rareinsult,group,assume,month,meme,every,,band,clone,shift,english,bad,depressed,friend,warehouse,decent,,,,,,,,,,,,,,,,,,,,,,,,,,,,,,,,,,,,,,,,,,,,,,,,,,,,,,,,
okay,month,song,account,make,quality,spread,episode,,,,make,information,fuck,well,see,,,,,,,,,,,,,,,,,,,,,,,,,,,,,,,,,,,,,,,,,,,,,,,,,,,,,,,,,,
feel,instagram,answer,shit,,people,slander,cancel,think,,person,comment,bank,dinner,,really,original,,,,,,,,,,,,,,,,,,,,,,,,,,,,,,,,,,,,,,,,,,,,,,,,,,,,,,,,,
fuck,read,time,blow,abby,contribute,,,go,friend,sentence,middle,shit,board,feel,lets,,,,,,,,,,,,,,,,,,,,,,,,,,,,,,,,,,,,,,,,,,,,,,,,,,,,,,,,,,
spend,dip,woman,eat,express,company,revert,,amazing,,post,trait,stop,year,tech,fuck,low,,,,,,,,,,,,,,,,,,,,,,,,,,,,,,,,,,,,,,,,,,,,,,,,,,,,,,,,,
couple,girl,medium,easy,train,fall,lite,,unconventional,previous,adult,worship,woefully,september,pen,,back,master,,,,,,,,,,,,,,,,,,,,,,,,,,,,,,,,,,,,,,,,,,,,,,,,,,,,,,,,
talk,post,much,,kidsarefuckingstupid,badly,berate,moderator,,incoming,fine,find,much,would,use,point,long,,,,,,,,,,,,,,,,,,,,,,,,,,,,,,,,,,,,,,,,,,,,,,,,,,,,,,,,,
maybe,play,house,promote,allow,policy,minor,ever,good,neither,want,rich,exist,,family,nothing,anymore,,,,,,,,,,,,,,,,,,,,,,,,,,,,,,,,,,,,,,,,,,,,,,,,,,,,,,,,,
nooooooooooow,road,stop,company,break,switch,order,make,like,grow,scene,back,help,go,second,,,,,,,,,,,,,,,,,,,,,,,,,,,,,,,,,,,,,,,,,,,,,,,,,,,,,,,,,,,
poor,conflicted,listen,coworker,probably,constant,,like,,charisma,attractive,get,kill,send,attention,place,learn,,,,,,,,,,,,,,,,,,,,,,,,,,,,,,,,,,,,,,,,,,,,,,,,,,,,,,,,,
sometimes,another,improvement,post,campaign,suffer,,,release,one,live,make,school,envelope,post,make,,,,,,,,,,,,,,,,,,,,,,,,,,,,,,,,,,,,,,,,,,,,,,,,,,,,,,,,,,
time,social,,enough,widow,say,,slightly,abuse,date,person,interest,hospital,face,policy,jacket,,,,,,,,,,,,,,,,,,,,,,,,,,,,,,,,,,,,,,,,,,,,,,,,,,,,,,,,,,
request,post,downvote,college,damage,,even,look,anything,incredibly,morning,like,drama,care,left,stay,,,,,,,,,,,,,,,,,,,,,,,,,,,,,,,,,,,,,,,,,,,,,,,,,,,,,,,,,,
tell,move,advance,start,mess,,immediately,,fully,list,pure,almost,refundable,give,,family,,,,,,,,,,,,,,,,,,,,,,,,,,,,,,,,,,,,,,,,,,,,,,,,,,,,,,,,,,
confused,arlo,announce,online,strange,,different,use,people,desk,feel,change,effort,people,sub,thing,,,,,,,,,,,,,,,,,,,,,,,,,,,,,,,,,,,,,,,,,,,,,,,,,,,,,,,,,,
get,start,want,towards,nintendo,equality,hysterically,accept,reject,single,work,account,shit,delete,copy,,,,,,,,,,,,,,,,,,,,,,,,,,,,,,,,,,,,,,,,,,,,,,,,,,,,,,,,,,,
try,least,accommodate,do,put,miss,judge,comment,creepy,painting,pointless,charge,precor,ashamed,,,,,,,,,,,,,,,,,,,,,,,,,,,,,,,,,,,,,,,,,,,,,,,,,,,,,,,,,,,,
furthermore,bobnulg,home,company,cause,nothing,,tell,someone,problem,accept,steal,mail,even,dispenser,,,,,,,,,,,,,,,,,,,,,,,,,,,,,,,,,,,,,,,,,,,,,,,,,,,,,,,,,,,
recently,understand,originally,implement,glove,laugh,even,manipulate,wish,cook,month,animal,touch,,intend,,,,,,,,,,,,,,,,,,,,,,,,,,,,,,,,,,,,,,,,,,,,,,,,,,,,,,,,,,,
week,opportunity,,crossing,,,whilst,insult,front,kind,work,evidence,kid,support,fuck,,,,,,,,,,,,,,,,,,,,,,,,,,,,,,,,,,,,,,,,,,,,,,,,,,,,,,,,,,,
night,supervisor,start,teen,,mindless,,person,every,money,food,mostly,run,carbon,come,,,,,,,,,,,,,,,,,,,,,,,,,,,,,,,,,,,,,,,,,,,,,,,,,,,,,,,,,,,
bertrand,trash,aggression,thing,,,annoying,ask,pay,need,claim,become,like,,wealthy,,,,,,,,,,,,,,,,,,,,,,,,,,,,,,,,,,,,,,,,,,,,,,,,,,,,,,,,,,,
discussion,place,page,mask,promote,war,tolerant,meet,really,cunt,reason,know,insta,paper,year,,,,,,,,,,,,,,,,,,,,,,,,,,,,,,,,,,,,,,,,,,,,,,,,,,,,,,,,,,,
suggestion,like,reality,,watch,fashion,post,hour,driver,animal,half,request,pandemic,comment,,,,,,,,,,,,,,,,,,,,,,,,,,,,,,,,,,,,,,,,,,,,,,,,,,,,,,,,,,,,
comments](https://imgur.com,year,see,,know,,even,breakfast,write,make,even,japan,pairs,single,,,,,,,,,,,,,,,,,,,,,,,,,,,,,,,,,,,,,,,,,,,,,,,,,,,,,,,,,,,,
could,,recently,,sentence,fine,especially,painting,need,sister,thing,nerve,none,thing,,,,,,,,,,,,,,,,,,,,,,,,,,,,,,,,,,,,,,,,,,,,,,,,,,,,,,,,,,,,
month,widow,animal,make,bless,patient,kind,cause,actually,stupider,aircraft,mental,,come,,,,,,,,,,,,,,,,,,,,,,,,,,,,,,,,,,,,,,,,,,,,,,,,,,,,,,,,,,,,
today,respond,remember,rewind,listen,month,find,delivery,deal,machine,constant,pile,sander,like,,,,,,,,,,,,,,,,,,,,,,,,,,,,,,,,,,,,,,,,,,,,,,,,,,,,,,,,,,,,
absolute,take,among,though,sport,annoying,though,wrong,kill,damn,house,policy,suck,,,,,,,,,,,,,,,,,,,,,,,,,,,,,,,,,,,,,,,,,,,,,,,,,,,,,,,,,,,,,
plus,think,outside,normal,star,creep,anywhere,right,stuff,navy,cycling,worth,,,,,,,,,,,,,,,,,,,,,,,,,,,,,,,,,,,,,,,,,,,,,,,,,,,,,,,,,,,,,,
feel,ever,,work,current,also,watch,may,like,remember,get,covid-19,toilet,,,,,,,,,,,,,,,,,,,,,,,,,,,,,,,,,,,,,,,,,,,,,,,,,,,,,,,,,,,,,
reddit,email,,theory,,hard,bagged,drug,moan,adult,would,loudly,make,,,,,,,,,,,,,,,,,,,,,,,,,,,,,,,,,,,,,,,,,,,,,,,,,,,,,,,,,,,,,
https://imgur.com/sfbmmso,want,,watch,exactly,think,watercolor,animal,fuck,workout,add,toy,every,,,,,,,,,,,,,,,,,,,,,,,,,,,,,,,,,,,,,,,,,,,,,,,,,,,,,,,,,,,,,
since,tell,comment,trilogy,know,county,seriously,deal,work,everything,say,symptom,straight,,,,,,,,,,,,,,,,,,,,,,,,,,,,,,,,,,,,,,,,,,,,,,,,,,,,,,,,,,,,,
business,situation,television,accord,part,sure,manager,friend,state,think,anything,time,basically,,,,,,,,,,,,,,,,,,,,,,,,,,,,,,,,,,,,,,,,,,,,,,,,,,,,,,,,,,,,,
edit,come,even,,honestly,move,something,america,could,decide,right,encourage,around,,,,,,,,,,,,,,,,,,,,,,,,,,,,,,,,,,,,,,,,,,,,,,,,,,,,,,,,,,,,,
tell,fabbri,people,want,psychopath,especially,tough,pray,vulnerable,spamme,rattle,visit,sorry,,,,,,,,,,,,,,,,,,,,,,,,,,,,,,,,,,,,,,,,,,,,,,,,,,,,,,,,,,,,,
think,hour,hard,person,scene,socialize,bill,activity,passable,inquire,clothe,feel,,,,,,,,,,,,,,,,,,,,,,,,,,,,,,,,,,,,,,,,,,,,,,,,,,,,,,,,,,,,,,
yahoo,say,music,anyways,honestly,assistant,hard,united,lose,prove,contact,turn,,,,,,,,,,,,,,,,,,,,,,,,,,,,,,,,,,,,,,,,,,,,,,,,,,,,,,,,,,,,,,
really,rant,crazy,slightly,realize,type,animal,long,year,complain,reason,global,,,,,,,,,,,,,,,,,,,,,,,,,,,,,,,,,,,,,,,,,,,,,,,,,,,,,,,,,,,,,,
well,talk,sequel,narcissist,surround,finance,method,pandemic,life,machine,ymca,mittens,,,,,,,,,,,,,,,,,,,,,,,,,,,,,,,,,,,,,,,,,,,,,,,,,,,,,,,,,,,,,,
catastrophic,thing,dress,date,make,keep,hospital,barely,keep,plant,come,fact,,,,,,,,,,,,,,,,,,,,,,,,,,,,,,,,,,,,,,,,,,,,,,,,,,,,,,,,,,,,,,
employee,take,,single,breakfast,without,portion,start,message,moderator,okay,,,,,,,,,,,,,,,,,,,,,,,,,,,,,,,,,,,,,,,,,,,,,,,,,,,,,,,,,,,,,,,
paulo,humour,work,picky,paper,kill,door,next,addition,physical,else,ban,,,,,,,,,,,,,,,,,,,,,,,,,,,,,,,,,,,,,,,,,,,,,,,,,,,,,,,,,,,,,,
muted,credit,hateful,county,stop,must,evening,even,hear,break,money,drop,,,,,,,,,,,,,,,,,,,,,,,,,,,,,,,,,,,,,,,,,,,,,,,,,,,,,,,,,,,,,,
enough,know,judge,breakfast,follow,work,shoot,refund,level,complain,pairs,absolutely,,,,,,,,,,,,,,,,,,,,,,,,,,,,,,,,,,,,,,,,,,,,,,,,,,,,,,,,,,,,,,
band,angry,improve,serve,care,commentary,disaster,reply,item,excited,delay,,,,,,,,,,,,,,,,,,,,,,,,,,,,,,,,,,,,,,,,,,,,,,,,,,,,,,,,,,,,,,,
people,like,people,money,problem,trickster,regard,office,explanation,ugly,,hell,,,,,,,,,,,,,,,,,,,,,,,,,,,,,,,,,,,,,,,,,,,,,,,,,,,,,,,,,,,,,,
people,think,like,self,home,help,able,tired,make,anywhere,look,account,,,,,,,,,,,,,,,,,,,,,,,,,,,,,,,,,,,,,,,,,,,,,,,,,,,,,,,,,,,,,,
people,judge,life,store,function,korea,die,bother,annoying,make,go,three,,,,,,,,,,,,,,,,,,,,,,,,,,,,,,,,,,,,,,,,,,,,,,,,,,,,,,,,,,,,,,
people,downvote,really,really,keep,marriage,school,surface,privacy,make,game,back,,,,,,,,,,,,,,,,,,,,,,,,,,,,,,,,,,,,,,,,,,,,,,,,,,,,,,,,,,,,,,
people,clock,available,info,amazon.com](https://amazon.com/,home,suicide,anal,super,shit,,success,,,,,,,,,,,,,,,,,,,,,,,,,,,,,,,,,,,,,,,,,,,,,,,,,,,,,,,,,,,,,,
people,husband,make,work,coronavirus,previously,ask,hung,caption,do,height,interested,,,,,,,,,,,,,,,,,,,,,,,,,,,,,,,,,,,,,,,,,,,,,,,,,,,,,,,,,,,,,,
people,may,allow,cunt,reddit,die,game,toxic,crack,,,say,,,,,,,,,,,,,,,,,,,,,,,,,,,,,,,,,,,,,,,,,,,,,,,,,,,,,,,,,,,,,,
people,bring,save,heaven,goddamn,start,general,protect,,good,switch,,,,,,,,,,,,,,,,,,,,,,,,,,,,,,,,,,,,,,,,,,,,,,,,,,,,,,,,,,,,,,,
people,charming,self,own,usually,commit,friend,get,company,paramedic,fuck,,,,,,,,,,,,,,,,,,,,,,,,,,,,,,,,,,,,,,,,,,,,,,,,,,,,,,,,,,,,,,,
people,dude,people,unfortunately,north,suspend,installer,time,dancer,roll,something,,,,,,,,,,,,,,,,,,,,,,,,,,,,,,,,,,,,,,,,,,,,,,,,,,,,,,,,,,,,,,,
people,people,dyslectic,post,thank,email,every,slip,happen,remove,behind,,,,,,,,,,,,,,,,,,,,,,,,,,,,,,,,,,,,,,,,,,,,,,,,,,,,,,,,,,,,,,,
use,maybe,bank,get,franchise,popular,goddamn,,left,right,get,,,,,,,,,,,,,,,,,,,,,,,,,,,,,,,,,,,,,,,,,,,,,,,,,,,,,,,,,,,,,,,
tell,budget,able,honey,come,attorney,friend,emergency,,,legit,,,,,,,,,,,,,,,,,,,,,,,,,,,,,,,,,,,,,,,,,,,,,,,,,,,,,,,,,,,,,,,
name,task,addict,incident,bad,sure,roomie,mask,may,anyway,,,,,,,,,,,,,,,,,,,,,,,,,,,,,,,,,,,,,,,,,,,,,,,,,,,,,,,,,,,,,,,,
stuff,covid-19,go,divorce,grandma,flaw,complain,thing,handle,foot,,,,,,,,,,,,,,,,,,,,,,,,,,,,,,,,,,,,,,,,,,,,,,,,,,,,,,,,,,,,,,,,
trust,person,souq.com](https://souq.com/,precor,summer,everywhere,away,exam,ball,turn,,,,,,,,,,,,,,,,,,,,,,,,,,,,,,,,,,,,,,,,,,,,,,,,,,,,,,,,,,,,,,,,
many,bitch,nurse,people,decide,really,medium,,lock,story,,,,,,,,,,,,,,,,,,,,,,,,,,,,,,,,,,,,,,,,,,,,,,,,,,,,,,,,,,,,,,,,
amazing,p.m.,third,get,account,frame,want,people,place,start,,,,,,,,,,,,,,,,,,,,,,,,,,,,,,,,,,,,,,,,,,,,,,,,,,,,,,,,,,,,,,,,
dunno,also,problem,die,literally,include,,response,,either,,,,,,,,,,,,,,,,,,,,,,,,,,,,,,,,,,,,,,,,,,,,,,,,,,,,,,,,,,,,,,,,
nothing,update,overly,enjoy,semi,time,global,crappy,comment,,,,,,,,,,,,,,,,,,,,,,,,,,,,,,,,,,,,,,,,,,,,,,,,,,,,,,,,,,,,,,,,,
usually,enough,shootdown,feel,complaint,care,animal,recommend,tall,,,,,,,,,,,,,,,,,,,,,,,,,,,,,,,,,,,,,,,,,,,,,,,,,,,,,,,,,,,,,,,,,
since,heroin,parent,2019,need,move,c0v1d,always,start,,,,,,,,,,,,,,,,,,,,,,,,,,,,,,,,,,,,,,,,,,,,,,,,,,,,,,,,,,,,,,,,,
broke,hell,corporate,contact,replace,social,three,,TRUE,,,,,,,,,,,,,,,,,,,,,,,,,,,,,,,,,,,,,,,,,,,,,,,,,,,,,,,,,,,,,,,,,
dumbass,like,three,around,stuff,inconvenience,realism,screw,year,,,,,,,,,,,,,,,,,,,,,,,,,,,,,,,,,,,,,,,,,,,,,,,,,,,,,,,,,,,,,,,,,
3:20,sister,machine,file,seem,,death,massively,discipline,,,,,,,,,,,,,,,,,,,,,,,,,,,,,,,,,,,,,,,,,,,,,,,,,,,,,,,,,,,,,,,,,
edit,every,friend,quarantine,time,event,hospital,moment,,,,,,,,,,,,,,,,,,,,,,,,,,,,,,,,,,,,,,,,,,,,,,,,,,,,,,,,,,,,,,,,,,
want,fuck,accept,lemon,hate,costume,stupid,overwhelming,,,,,,,,,,,,,,,,,,,,,,,,,,,,,,,,,,,,,,,,,,,,,,,,,,,,,,,,,,,,,,,,,,
lucky,think,stuff,dump,quite,whole,workout,body,,,,,,,,,,,,,,,,,,,,,,,,,,,,,,,,,,,,,,,,,,,,,,,,,,,,,,,,,,,,,,,,,,
apply,ec-121,march,reason,boss,finish,front,hobby,,,,,,,,,,,,,,,,,,,,,,,,,,,,,,,,,,,,,,,,,,,,,,,,,,,,,,,,,,,,,,,,,,
go,september,renewal,today,understand,draw,dryer,send,,,,,,,,,,,,,,,,,,,,,,,,,,,,,,,,,,,,,,,,,,,,,,,,,,,,,,,,,,,,,,,,,,
industry,distinction,base,girlfriend,post,wish,today,show,,,,,,,,,,,,,,,,,,,,,,,,,,,,,,,,,,,,,,,,,,,,,,,,,,,,,,,,,,,,,,,,,,
significant,furious,allow,go,minor,department,reddit,,,,,,,,,,,,,,,,,,,,,,,,,,,,,,,,,,,,,,,,,,,,,,,,,,,,,,,,,,,,,,,,,,,
literally,update,annoyed,boss,,game,like,,,,,,,,,,,,,,,,,,,,,,,,,,,,,,,,,,,,,,,,,,,,,,,,,,,,,,,,,,,,,,,,,,,
already,wait,agree,sister,policy,weight,help,,,,,,,,,,,,,,,,,,,,,,,,,,,,,,,,,,,,,,,,,,,,,,,,,,,,,,,,,,,,,,,,,,,
like,think,like,ugly,whole,right,icon,,,,,,,,,,,,,,,,,,,,,,,,,,,,,,,,,,,,,,,,,,,,,,,,,,,,,,,,,,,,,,,,,,,
#NAME?,go,delete,know,cash,hand,prostitute,,,,,,,,,,,,,,,,,,,,,,,,,,,,,,,,,,,,,,,,,,,,,,,,,,,,,,,,,,,,,,,,,,,
past,amazon,cycle,,exam,notice,often,,,,,,,,,,,,,,,,,,,,,,,,,,,,,,,,,,,,,,,,,,,,,,,,,,,,,,,,,,,,,,,,,,,
aware,charge,fly,flexible,enjoy,sake,sort,,,,,,,,,,,,,,,,,,,,,,,,,,,,,,,,,,,,,,,,,,,,,,,,,,,,,,,,,,,,,,,,,,,
state,ban,teacher,animal,maybe,fit,wait,,,,,,,,,,,,,,,,,,,,,,,,,,,,,,,,,,,,,,,,,,,,,,,,,,,,,,,,,,,,,,,,,,,
actual,state,boss,extra,fire,cactus,mother,,,,,,,,,,,,,,,,,,,,,,,,,,,,,,,,,,,,,,,,,,,,,,,,,,,,,,,,,,,,,,,,,,,
month,everyone,firefighter,give,store,badly,,,,,,,,,,,,,,,,,,,,,,,,,,,,,,,,,,,,,,,,,,,,,,,,,,,,,,,,,,,,,,,,,,,,
everyone,precor,call,technique,body,worship,,,,,,,,,,,,,,,,,,,,,,,,,,,,,,,,,,,,,,,,,,,,,,,,,,,,,,,,,,,,,,,,,,,,
imagine,look,world,maybe,thing,choice,,,,,,,,,,,,,,,,,,,,,,,,,,,,,,,,,,,,,,,,,,,,,,,,,,,,,,,,,,,,,,,,,,,,
sign,post,,crew,dispenser,draw,,,,,,,,,,,,,,,,,,,,,,,,,,,,,,,,,,,,,,,,,,,,,,,,,,,,,,,,,,,,,,,,,,,,
yesterday,long,booking.com,free,update,see,,,,,,,,,,,,,,,,,,,,,,,,,,,,,,,,,,,,,,,,,,,,,,,,,,,,,,,,,,,,,,,,,,,,
day,roomie,make,full,email,wait,,,,,,,,,,,,,,,,,,,,,,,,,,,,,,,,,,,,,,,,,,,,,,,,,,,,,,,,,,,,,,,,,,,,
precor,mask,sword,typical,fuck,much,,,,,,,,,,,,,,,,,,,,,,,,,,,,,,,,,,,,,,,,,,,,,,,,,,,,,,,,,,,,,,,,,,,,
remember,think,able,towel,printer,,,,,,,,,,,,,,,,,,,,,,,,,,,,,,,,,,,,,,,,,,,,,,,,,,,,,,,,,,,,,,,,,,,,,
know,husband,focus,weird,issue,,,,,,,,,,,,,,,,,,,,,,,,,,,,,,,,,,,,,,,,,,,,,,,,,,,,,,,,,,,,,,,,,,,,,
month,people,suggest,different,still,,,,,,,,,,,,,,,,,,,,,,,,,,,,,,,,,,,,,,,,,,,,,,,,,,,,,,,,,,,,,,,,,,,,,
appartment,happen,praise,something,enforcement,,,,,,,,,,,,,,,,,,,,,,,,,,,,,,,,,,,,,,,,,,,,,,,,,,,,,,,,,,,,,,,,,,,,,
couple,hang,simple,fuck,tween,,,,,,,,,,,,,,,,,,,,,,,,,,,,,,,,,,,,,,,,,,,,,,,,,,,,,,,,,,,,,,,,,,,,,
go,like,close,help,prohibit,,,,,,,,,,,,,,,,,,,,,,,,,,,,,,,,,,,,,,,,,,,,,,,,,,,,,,,,,,,,,,,,,,,,,
hate,insain,people,people,12pm-12:15pm,,,,,,,,,,,,,,,,,,,,,,,,,,,,,,,,,,,,,,,,,,,,,,,,,,,,,,,,,,,,,,,,,,,,,
anyways,knife,hand,parking,house,,,,,,,,,,,,,,,,,,,,,,,,,,,,,,,,,,,,,,,,,,,,,,,,,,,,,,,,,,,,,,,,,,,,,
provide,hate,paper,teen,happen,,,,,,,,,,,,,,,,,,,,,,,,,,,,,,,,,,,,,,,,,,,,,,,,,,,,,,,,,,,,,,,,,,,,,
do,year,love,effect,,,,,,,,,,,,,,,,,,,,,,,,,,,,,,,,,,,,,,,,,,,,,,,,,,,,,,,,,,,,,,,,,,,,,,
anyways,create,account,today,,,,,,,,,,,,,,,,,,,,,,,,,,,,,,,,,,,,,,,,,,,,,,,,,,,,,,,,,,,,,,,,,,,,,,
hate,atheism,need,fuck,,,,,,,,,,,,,,,,,,,,,,,,,,,,,,,,,,,,,,,,,,,,,,,,,,,,,,,,,,,,,,,,,,,,,,
everything,news,break,shit,,,,,,,,,,,,,,,,,,,,,,,,,,,,,,,,,,,,,,,,,,,,,,,,,,,,,,,,,,,,,,,,,,,,,,
booking.com,majority,back,,,,,,,,,,,,,,,,,,,,,,,,,,,,,,,,,,,,,,,,,,,,,,,,,,,,,,,,,,,,,,,,,,,,,,,
company,gyms,culture,,,,,,,,,,,,,,,,,,,,,,,,,,,,,,,,,,,,,,,,,,,,,,,,,,,,,,,,,,,,,,,,,,,,,,,
go,covid-19,take,,,,,,,,,,,,,,,,,,,,,,,,,,,,,,,,,,,,,,,,,,,,,,,,,,,,,,,,,,,,,,,,,,,,,,,
sell,hold,spend,,,,,,,,,,,,,,,,,,,,,,,,,,,,,,,,,,,,,,,,,,,,,,,,,,,,,,,,,,,,,,,,,,,,,,,
hate,restroom,go,,,,,,,,,,,,,,,,,,,,,,,,,,,,,,,,,,,,,,,,,,,,,,,,,,,,,,,,,,,,,,,,,,,,,,,
first,user,interview,,,,,,,,,,,,,,,,,,,,,,,,,,,,,,,,,,,,,,,,,,,,,,,,,,,,,,,,,,,,,,,,,,,,,,,
suppose,time,child,,,,,,,,,,,,,,,,,,,,,,,,,,,,,,,,,,,,,,,,,,,,,,,,,,,,,,,,,,,,,,,,,,,,,,,
ban,cunt,crazy,,,,,,,,,,,,,,,,,,,,,,,,,,,,,,,,,,,,,,,,,,,,,,,,,,,,,,,,,,,,,,,,,,,,,,,
local,shithouse,,,,,,,,,,,,,,,,,,,,,,,,,,,,,,,,,,,,,,,,,,,,,,,,,,,,,,,,,,,,,,,,,,,,,,,,
hate,onto,,,,,,,,,,,,,,,,,,,,,,,,,,,,,,,,,,,,,,,,,,,,,,,,,,,,,,,,,,,,,,,,,,,,,,,,
e.g.,society,,,,,,,,,,,,,,,,,,,,,,,,,,,,,,,,,,,,,,,,,,,,,,,,,,,,,,,,,,,,,,,,,,,,,,,,
ongoing,parking,,,,,,,,,,,,,,,,,,,,,,,,,,,,,,,,,,,,,,,,,,,,,,,,,,,,,,,,,,,,,,,,,,,,,,,,
kiss,understand,,,,,,,,,,,,,,,,,,,,,,,,,,,,,,,,,,,,,,,,,,,,,,,,,,,,,,,,,,,,,,,,,,,,,,,,
public,basically,,,,,,,,,,,,,,,,,,,,,,,,,,,,,,,,,,,,,,,,,,,,,,,,,,,,,,,,,,,,,,,,,,,,,,,,
mobile,change,,,,,,,,,,,,,,,,,,,,,,,,,,,,,,,,,,,,,,,,,,,,,,,,,,,,,,,,,,,,,,,,,,,,,,,,
use,phone,,,,,,,,,,,,,,,,,,,,,,,,,,,,,,,,,,,,,,,,,,,,,,,,,,,,,,,,,,,,,,,,,,,,,,,,
free,babysit,,,,,,,,,,,,,,,,,,,,,,,,,,,,,,,,,,,,,,,,,,,,,,,,,,,,,,,,,,,,,,,,,,,,,,,,
holy,year,,,,,,,,,,,,,,,,,,,,,,,,,,,,,,,,,,,,,,,,,,,,,,,,,,,,,,,,,,,,,,,,,,,,,,,,
fuck,,,,,,,,,,,,,,,,,,,,,,,,,,,,,,,,,,,,,,,,,,,,,,,,,,,,,,,,,,,,,,,,,,,,,,,,,
pad,,,,,,,,,,,,,,,,,,,,,,,,,,,,,,,,,,,,,,,,,,,,,,,,,,,,,,,,,,,,,,,,,,,,,,,,,
complaint,,,,,,,,,,,,,,,,,,,,,,,,,,,,,,,,,,,,,,,,,,,,,,,,,,,,,,,,,,,,,,,,,,,,,,,,,
first,,,,,,,,,,,,,,,,,,,,,,,,,,,,,,,,,,,,,,,,,,,,,,,,,,,,,,,,,,,,,,,,,,,,,,,,,
could,,,,,,,,,,,,,,,,,,,,,,,,,,,,,,,,,,,,,,,,,,,,,,,,,,,,,,,,,,,,,,,,,,,,,,,,,
draw,,,,,,,,,,,,,,,,,,,,,,,,,,,,,,,,,,,,,,,,,,,,,,,,,,,,,,,,,,,,,,,,,,,,,,,,,
today,,,,,,,,,,,,,,,,,,,,,,,,,,,,,,,,,,,,,,,,,,,,,,,,,,,,,,,,,,,,,,,,,,,,,,,,,
dermatologist,,,,,,,,,,,,,,,,,,,,,,,,,,,,,,,,,,,,,,,,,,,,,,,,,,,,,,,,,,,,,,,,,,,,,,,,,
buy,,,,,,,,,,,,,,,,,,,,,,,,,,,,,,,,,,,,,,,,,,,,,,,,,,,,,,,,,,,,,,,,,,,,,,,,,
schedule,,,,,,,,,,,,,,,,,,,,,,,,,,,,,,,,,,,,,,,,,,,,,,,,,,,,,,,,,,,,,,,,,,,,,,,,,
never,,,,,,,,,,,,,,,,,,,,,,,,,,,,,,,,,,,,,,,,,,,,,,,,,,,,,,,,,,,,,,,,,,,,,,,,,
past,,,,,,,,,,,,,,,,,,,,,,,,,,,,,,,,,,,,,,,,,,,,,,,,,,,,,,,,,,,,,,,,,,,,,,,,,